uf_busca,cidade_busca,universidade_nome,campus_nome,nome,grau,turno,mensalidade,bolsa_integral_cotas,bolsa_integral_ampla,bolsa_parcial_cotas,bolsa_parcial_ampla,nota_integral_ampla,nota_integral_cotas,nota_parcial_ampla,nota_parcial_cotas
SP,Sao Jose dos Campos,Centro Universitário Internacional - Uninter - UNINTER,PAP SÃO JOSÉ DOS CAMPOS (ITS) - Vila Adyana,Administração,Bacharelado,Curso a Distância,298.00,,,,1,,,584.54,
SP,Sao Jose dos Campos,Escola Superior de Administração de Empresas - INEA,CENTRO - Centro,Administração,Bacharelado,Matutino,589.00,1,3,,,563.18,552.00,,
SP,Sao Jose dos Campos,Faculdade de Tecnologia de São José dos Campos - ETEP,ETEP ESPLANADA - Jardim Esplanada,Administração,Bacharelado,Matutino,599.00,2,3,,,598.48,575.22,,
SP,Sao Jose dos Campos,Faculdade de Tecnologia de São José dos Campos - ETEP,ETEP ESPLANADA - Jardim Esplanada,Administração,Bacharelado,Noturno,599.00,1,2,,,614.44,643.26,,
SP,Sao Jose dos Campos,Faculdade Educacional da Lapa - FAEL,SP - SÃO JOSÉ DOS CAMPOS - POLO EAD - Vila Igualdade,Administração,Bacharelado,Curso a Distância,325.00,,,,1,,,588.28,
SP,Sao Jose dos Campos,Universidade Cidade de São Paulo - UNICID,EDUCARE APOIO TÉCNICO E PEDAGÓGICO LTDA ME (EDUCARE) - Vila Dayana,Administração,Bacharelado,Curso a Distância,290.42,,,1,2,,,538.80,535.92
SP,Sao Jose dos Campos,Universidade do Vale do Paraíba - UNIVAP,SÃO JOSÉ DOS CAMPOS (SEDE) - Urbanova,Administração,Bacharelado,Noturno,1042.50,2,3,,2,612.38,557.08,598.12,
SP,Sao Jose dos Campos,Universidade Paulista - UNIP,SÃO JOSÉ DOS CAMPOS II - Jardim Serimbura,Administração,Bacharelado,Curso a Distância,309.00,0,1,,,567.80,,,
SP,Sao Jose dos Campos,Universidade Paulista - UNIP,SÃO JOSÉ DOS CAMPOS - Jardim Limoeiro,Administração,Bacharelado,Matutino,755.52,1,3,,,601.22,622.44,,
SP,Sao Jose dos Campos,Universidade Paulista - UNIP,SÃO JOSÉ DOS CAMPOS - Jardim Limoeiro,Administração,Bacharelado,Curso a Distância,309.00,1,2,,,570.84,560.68,,
SP,Sao Jose dos Campos,Centro Universitário Internacional - Uninter - UNINTER,PAP SÃO JOSÉ DOS CAMPOS (ITS) - Vila Adyana,Análise e Desenvolvimento de Sistemas,Tecnológico,Curso a Distância,274.00,,,,1,,,643.04,
SP,Sao Jose dos Campos,Faculdade de Tecnologia de São José dos Campos - ETEP,ETEP ESPLANADA - Jardim Esplanada,Análise e Desenvolvimento de Sistemas,Tecnológico,Noturno,519.00,2,3,,,586.04,526.14,,
SP,Sao Jose dos Campos,Faculdade de Tecnologia de São José dos Campos - ETEP,ETEP ESPLANADA - Jardim Esplanada,Análise e Desenvolvimento de Sistemas,Tecnológico,Matutino,399.00,1,1,,,630.08,610.04,,
SP,Sao Jose dos Campos,Faculdade de Tecnologia Ibta - São José dos Campos - IBTA,CENTRO - Centro,Análise e Desenvolvimento de Sistemas,Tecnológico,Noturno,569.00,2,4,,,568.50,511.22,,
SP,Sao Jose dos Campos,Faculdade de Tecnologia Ibta - São José dos Campos - IBTA,CENTRO - Centro,Análise e Desenvolvimento de Sistemas,Tecnológico,Matutino,469.00,1,1,,,542.00,579.22,,
SP,Sao Jose dos Campos,Universidade Paulista - UNIP,SÃO JOSÉ DOS CAMPOS II - Jardim Serimbura,Análise e Desenvolvimento de Sistemas,Tecnológico,Curso a Distância,309.00,1,1,,,550.72,450.00,,
SP,Sao Jose dos Campos,Universidade Paulista - UNIP,SÃO JOSÉ DOS CAMPOS - Jardim Limoeiro,Análise e Desenvolvimento de Sistemas,Tecnológico,Noturno,594.24,2,5,,,590.20,559.94,,
SP,Sao Jose dos Campos,Universidade Paulista - UNIP,SÃO JOSÉ DOS CAMPOS - Jardim Limoeiro,Análise e Desenvolvimento de Sistemas,Tecnológico,Curso a Distância,309.00,0,1,,,581.34,,,
SP,Sao Jose dos Campos,Faculdade Anhangüera de São José,UNIDADE SEDE - Bairro Comprido,Arquitetura e Urbanismo,Bacharelado,Noturno,1098.00,2,5,,,608.68,572.60,,
SP,Sao Jose dos Campos,Universidade do Vale do Paraíba - UNIVAP,SÃO JOSÉ DOS CAMPOS (SEDE) - Urbanova,Arquitetura e Urbanismo,Bacharelado,Matutino,1498.00,1,2,,2,662.24,618.26,647.78,
SP,Sao Jose dos Campos,Universidade do Vale do Paraíba - UNIVAP,SÃO JOSÉ DOS CAMPOS (SEDE) - Urbanova,Arquitetura e Urbanismo,Bacharelado,Noturno,1498.00,1,3,,4,652.04,633.02,613.02,
SP,Sao Jose dos Campos,Universidade Paulista - UNIP,SÃO JOSÉ DOS CAMPOS - Jardim Limoeiro,Arquitetura e Urbanismo,Bacharelado,Noturno,1242.60,1,2,,,642.88,614.22,,
SP,Sao Jose dos Campos,Centro Universitário Claretiano - Ceuclar - CEUCLAR,POLO CLARETIANO DE SÃO JOSÉ DOS CAMPOS - Jardim Esplanada,Artes VIsuais,Licenciatura,Curso a Distância,299.00,1,2,,,595.24,450.00,,
SP,Sao Jose dos Campos,Centro Universitário Internacional - Uninter - UNINTER,PAP SÃO JOSÉ DOS CAMPOS (ITS) - Vila Adyana,Artes VIsuais,Licenciatura,Curso a Distância,237.00,,,,1,,,489.92,
SP,Sao Jose dos Campos,Universidade Cidade de São Paulo - UNICID,EDUCARE APOIO TÉCNICO E PEDAGÓGICO LTDA ME (EDUCARE) - Vila Dayana,Artes VIsuais,Licenciatura,Curso a Distância,257.19,,,1,1,,,513.64,450.00
SP,Sao Jose dos Campos,Universidade do Vale do Paraíba - UNIVAP,SÃO JOSÉ DOS CAMPOS (SEDE) - Urbanova,Artes VIsuais,Licenciatura,Noturno,742.50,2,3,,,573.90,577.98,,
SP,Sao Jose dos Campos,Universidade Paulista - UNIP,SÃO JOSÉ DOS CAMPOS II - Jardim Serimbura,Artes VIsuais,Licenciatura,Curso a Distância,299.00,0,1,,,559.62,,,
SP,Sao Jose dos Campos,Universidade Pitágoras Unopar,SÃO JOSÉ DOS CAMPOS I - Jardim Satélite,Artes VIsuais,Licenciatura,Curso a Distância,209.00,1,1,,,525.48,532.72,,
SP,Sao Jose dos Campos,Universidade Cidade de São Paulo - UNICID,EDUCARE APOIO TÉCNICO E PEDAGÓGICO LTDA ME (EDUCARE) - Vila Dayana,Banco de Dados,Tecnológico,Curso a Distância,257.19,,,,1,,,604.80,
SP,Sao Jose dos Campos,Centro Universitário Claretiano - Ceuclar - CEUCLAR,POLO CLARETIANO DE SÃO JOSÉ DOS CAMPOS - Jardim Esplanada,Biblioteconomia,Bacharelado,Curso a Distância,356.80,0,1,,,603.30,,,
SP,Sao Jose dos Campos,Universidade do Vale do Paraíba - UNIVAP,SÃO JOSÉ DOS CAMPOS (SEDE) - Urbanova,Biomedicina,Bacharelado,Matutino,1321.50,,,,4,,,615.04,
SP,Sao Jose dos Campos,Universidade Paulista - UNIP,SÃO JOSÉ DOS CAMPOS - Jardim Limoeiro,Biomedicina,Bacharelado,Noturno,1351.83,1,2,,,653.92,618.22,,
SP,Sao Jose dos Campos,Universidade Paulista - UNIP,SÃO JOSÉ DOS CAMPOS - Jardim Limoeiro,Biomedicina,Bacharelado,Matutino,1115.61,1,1,,,653.76,613.18,,
SP,Sao Jose dos Campos,Universidade Paulista - UNIP,SÃO JOSÉ DOS CAMPOS - Jardim Limoeiro,Ciência da Computação,Bacharelado,Noturno,959.17,1,3,,,653.58,615.02,,
SP,Sao Jose dos Campos,Universidade Cidade de São Paulo - UNICID,EDUCARE APOIO TÉCNICO E PEDAGÓGICO LTDA ME (EDUCARE) - Vila Dayana,Ciências Biológicas,Licenciatura,Curso a Distância,257.19,0,1,,,554.38,,,
SP,Sao Jose dos Campos,Universidade do Vale do Paraíba - UNIVAP,SÃO JOSÉ DOS CAMPOS (SEDE) - Urbanova,Ciências Biológicas,Bacharelado,Matutino,990.00,0,1,,4,621.70,,589.66,
SP,Sao Jose dos Campos,Universidade do Vale do Paraíba - UNIVAP,SÃO JOSÉ DOS CAMPOS (SEDE) - Urbanova,Ciências Biológicas,Bacharelado,Noturno,990.00,0,1,,4,622.20,,570.24,
SP,Sao Jose dos Campos,Universidade do Vale do Paraíba - UNIVAP,SÃO JOSÉ DOS CAMPOS (SEDE) - Urbanova,Ciências Biológicas,Licenciatura,Noturno,742.50,,,,4,,,576.60,
SP,Sao Jose dos Campos,Universidade Paulista - UNIP,SÃO JOSÉ DOS CAMPOS II - Jardim Serimbura,Ciências Biológicas,Licenciatura,Curso a Distância,309.00,0,1,,,551.38,,,
SP,Sao Jose dos Campos,Universidade Paulista - UNIP,SÃO JOSÉ DOS CAMPOS - Jardim Limoeiro,Ciências Biológicas,Bacharelado,Matutino,553.73,2,3,,,639.46,567.40,,
SP,Sao Jose dos Campos,Universidade Paulista - UNIP,SÃO JOSÉ DOS CAMPOS - Jardim Limoeiro,Ciências Biológicas,Licenciatura,Curso a Distância,309.00,0,1,,,560.60,,,
SP,Sao Jose dos Campos,Centro Universitário Internacional - Uninter - UNINTER,PAP SÃO JOSÉ DOS CAMPOS (ITS) - Vila Adyana,Ciências Contábeis,Bacharelado,Curso a Distância,298.00,0,1,,1,547.24,,603.92,
SP,Sao Jose dos Campos,Faculdade de São José dos Campos - BILAC,BILAC - Centro,Ciências Contábeis,Bacharelado,Matutino,589.00,0,1,,,634.68,,,
SP,Sao Jose dos Campos,Universidade Anhanguera - UNIDERP,SAO JOSE DOS CAMPOS/SP (24105) - Colônia Paraíso,Ciências Contábeis,Bacharelado,Curso a Distância,259.00,0,1,,,554.20,,,
SP,Sao Jose dos Campos,Universidade Anhembi Morumbi - UAM,POLO SÃO JOSÉ DOS CAMPOS - Jardim Explanada,Ciências Contábeis,Bacharelado,Curso a Distância,373.75,1,1,,,613.38,503.04,,
SP,Sao Jose dos Campos,Universidade do Vale do Paraíba - UNIVAP,SÃO JOSÉ DOS CAMPOS (SEDE) - Urbanova,Ciências Contábeis,Bacharelado,Noturno,650.00,0,1,,2,676.94,,628.64,
SP,Sao Jose dos Campos,Universidade Paulista - UNIP,SÃO JOSÉ DOS CAMPOS II - Jardim Serimbura,Ciências Contábeis,Bacharelado,Curso a Distância,329.00,0,1,,,560.86,,,
SP,Sao Jose dos Campos,Universidade Paulista - UNIP,SÃO JOSÉ DOS CAMPOS - Jardim Limoeiro,Ciências Contábeis,Bacharelado,Noturno,831.26,2,3,,,656.42,590.08,,
SP,Sao Jose dos Campos,Universidade Paulista - UNIP,SÃO JOSÉ DOS CAMPOS - Jardim Limoeiro,Ciências Contábeis,Bacharelado,Curso a Distância,329.00,1,1,,,609.50,581.66,,
SP,Sao Jose dos Campos,Universidade Pitágoras Unopar,SÃO JOSÉ DOS CAMPOS I - Jardim Satélite,Ciências Contábeis,Bacharelado,Curso a Distância,249.00,1,3,,,572.34,503.86,,
SP,Sao Jose dos Campos,Universidade Cidade de São Paulo - UNICID,EDUCARE APOIO TÉCNICO E PEDAGÓGICO LTDA ME (EDUCARE) - Vila Dayana,Ciências Econômicas,Bacharelado,Curso a Distância,290.42,,,,1,,,581.40,
SP,Sao Jose dos Campos,Universidade Paulista - UNIP,SÃO JOSÉ DOS CAMPOS - Jardim Limoeiro,Ciências Econômicas,Bacharelado,Curso a Distância,309.00,0,1,,,663.68,,,
SP,Sao Jose dos Campos,Universidade Cidade de São Paulo - UNICID,EDUCARE APOIO TÉCNICO E PEDAGÓGICO LTDA ME (EDUCARE) - Vila Dayana,Ciências Sociais,Licenciatura,Curso a Distância,235.73,,,,1,,,546.60,
SP,Sao Jose dos Campos,Centro Universitário Internacional - Uninter - UNINTER,SÃO JOSÉ DOS CAMPOS (ITS) - SP - Vila Betânia,Comércio Exterior,Tecnológico,Curso a Distância,270.00,0,1,,,524.54,,,
SP,Sao Jose dos Campos,Universidade Cidade de São Paulo - UNICID,EDUCARE APOIO TÉCNICO E PEDAGÓGICO LTDA ME (EDUCARE) - Vila Dayana,Comércio Exterior,Tecnológico,Curso a Distância,257.19,,,,1,,,545.86,
SP,Sao Jose dos Campos,Universidade Paulista - UNIP,SÃO JOSÉ DOS CAMPOS - Jardim Limoeiro,Comércio Exterior,Tecnológico,Noturno,539.04,1,2,,,604.24,553.32,,
SP,Sao Jose dos Campos,Centro Universitário Claretiano - Ceuclar - CEUCLAR,POLO CLARETIANO DE SÃO JOSÉ DOS CAMPOS - Jardim Esplanada,Computação,Licenciatura,Curso a Distância,299.00,0,1,,,542.76,,,
SP,Sao Jose dos Campos,Universidade do Vale do Paraíba - UNIVAP,SÃO JOSÉ DOS CAMPOS (SEDE) - Urbanova,Comunicação Social - Publicidade e Propaganda,Bacharelado,Noturno,1381.00,0,1,,3,678.66,,602.74,
SP,Sao Jose dos Campos,Universidade do Vale do Paraíba - UNIVAP,SÃO JOSÉ DOS CAMPOS (SEDE) - Urbanova,Comunicação Social - Radio e Televisão,Bacharelado,Noturno,1381.00,0,1,,4,705.26,,586.36,
SP,Sao Jose dos Campos,Universidade Paulista - UNIP,SÃO JOSÉ DOS CAMPOS - Jardim Limoeiro,Design de Interiores,Tecnológico,Noturno,594.24,1,2,,,583.02,574.60,,
SP,Sao Jose dos Campos,Universidade Paulista - UNIP,SÃO JOSÉ DOS CAMPOS - Jardim Limoeiro,Design de Interiores,Tecnológico,Matutino,539.04,1,2,,,580.02,576.16,,
SP,Sao Jose dos Campos,Universidade do Vale do Paraíba - UNIVAP,SÃO JOSÉ DOS CAMPOS (SEDE) - Urbanova,Design de Moda,Bacharelado,Noturno,1381.00,1,1,,,620.40,631.00,,
SP,Sao Jose dos Campos,Universidade Paulista - UNIP,SÃO JOSÉ DOS CAMPOS - Jardim Limoeiro,Design Gráfico,Tecnológico,Noturno,647.28,2,3,,,621.40,586.70,,
SP,Sao Jose dos Campos,Universidade do Vale do Paraíba - UNIVAP,CAMPUS CENTRO - Centro,Direito,Bacharelado,Matutino,1521.00,1,3,,4,666.44,617.70,610.66,
SP,Sao Jose dos Campos,Universidade do Vale do Paraíba - UNIVAP,CAMPUS CENTRO - Centro,Direito,Bacharelado,Noturno,1521.00,6,12,,4,640.58,610.66,640.00,
SP,Sao Jose dos Campos,Universidade Paulista - UNIP,SÃO JOSÉ DOS CAMPOS - Jardim Limoeiro,Direito,Bacharelado,Noturno,1108.16,0,1,,,653.28,,,
SP,Sao Jose dos Campos,Universidade Paulista - UNIP,SÃO JOSÉ DOS CAMPOS - Jardim Limoeiro,Direito,Bacharelado,Matutino,980.85,2,5,,,624.78,602.32,,
SP,Sao Jose dos Campos,Centro Universitário Claretiano - Ceuclar - CEUCLAR,POLO CLARETIANO DE SÃO JOSÉ DOS CAMPOS - Jardim Esplanada,Educação Física,Bacharelado,Curso a Distância,593.60,2,3,,,560.90,533.78,,
SP,Sao Jose dos Campos,Centro Universitário Claretiano - Ceuclar - CEUCLAR,POLO CLARETIANO DE SÃO JOSÉ DOS CAMPOS - Jardim Esplanada,Educação Física,Licenciatura,Curso a Distância,385.00,0,1,,,566.14,,,
SP,Sao Jose dos Campos,Faculdade Anhangüera de São José,UNIDADE SEDE - Bairro Comprido,Educação Física,Bacharelado,Noturno,1098.00,4,8,,,571.42,550.24,,
SP,Sao Jose dos Campos,Faculdade Anhangüera de São José,UNIDADE SEDE - Bairro Comprido,Educação Física,Bacharelado,Matutino,828.00,3,6,,,563.64,540.28,,
SP,Sao Jose dos Campos,Universidade Cidade de São Paulo - UNICID,EDUCARE APOIO TÉCNICO E PEDAGÓGICO LTDA ME (EDUCARE) - Vila Dayana,Educação Física,Licenciatura,Curso a Distância,295.75,1,2,1,2,556.44,540.42,547.44,459.70
SP,Sao Jose dos Campos,Universidade do Vale do Paraíba - UNIVAP,SÃO JOSÉ DOS CAMPOS (SEDE) - Urbanova,Educação Física,Bacharelado,Matutino,1202.00,0,1,,4,597.58,,576.98,
SP,Sao Jose dos Campos,Universidade do Vale do Paraíba - UNIVAP,SÃO JOSÉ DOS CAMPOS (SEDE) - Urbanova,Educação Física,Bacharelado,Noturno,1202.00,2,4,,3,608.62,562.94,591.24,
SP,Sao Jose dos Campos,Universidade Paulista - UNIP,SÃO JOSÉ DOS CAMPOS - Jardim Limoeiro,Educação Física,Licenciatura,Noturno,1202.26,0,1,,,588.14,,,
SP,Sao Jose dos Campos,Universidade Paulista - UNIP,SÃO JOSÉ DOS CAMPOS - Jardim Limoeiro,Educação Física,Licenciatura,Matutino,910.74,1,1,,,623.50,564.64,,
SP,Sao Jose dos Campos,Universidade Pitágoras Unopar,SÃO JOSÉ DOS CAMPOS I - Jardim Satélite,Educação Física,Licenciatura,Curso a Distância,469.00,1,1,,,613.38,540.10,,
SP,Sao Jose dos Campos,Universidade Pitágoras Unopar,SÃO JOSÉ DOS CAMPOS I - Jardim Satélite,Embelezamento e Imagem Pessoal,Tecnológico,Curso a Distância,209.00,1,1,,,558.52,510.06,,
SP,Sao Jose dos Campos,Faculdade Anhangüera de São José,UNIDADE SEDE - Bairro Comprido,Enfermagem,Bacharelado,Matutino,978.00,4,7,,,576.82,549.56,,
SP,Sao Jose dos Campos,Faculdade Anhangüera de São José,UNIDADE SEDE - Bairro Comprido,Enfermagem,Bacharelado,Noturno,918.00,3,5,,,577.28,558.78,,
SP,Sao Jose dos Campos,Universidade do Vale do Paraíba - UNIVAP,SÃO JOSÉ DOS CAMPOS (SEDE) - Urbanova,Enfermagem,Bacharelado,Noturno,1170.75,0,1,,2,697.32,,627.34,
SP,Sao Jose dos Campos,Universidade Paulista - UNIP,SÃO JOSÉ DOS CAMPOS - Jardim Limoeiro,Enfermagem,Bacharelado,Noturno,1199.97,2,3,,,615.62,589.36,,
SP,Sao Jose dos Campos,Universidade Paulista - UNIP,SÃO JOSÉ DOS CAMPOS - Jardim Limoeiro,Enfermagem,Bacharelado,Matutino,1054.60,3,5,,,639.26,594.58,,
SP,Sao Jose dos Campos,Faculdade de Tecnologia de São José dos Campos - ETEP,ETEP ESPLANADA - Jardim Esplanada,Engenharia Aeronáutica,Bacharelado,Noturno,1159.00,1,3,,,681.60,677.56,,
SP,Sao Jose dos Campos,Faculdade de Tecnologia de São José dos Campos - ETEP,ETEP ESPLANADA - Jardim Esplanada,Engenharia Aeronáutica,Bacharelado,Matutino,899.00,1,1,,,675.96,678.36,,
SP,Sao Jose dos Campos,Universidade Paulista - UNIP,SÃO JOSÉ DOS CAMPOS - Jardim Limoeiro,Engenharia Aeronáutica,Bacharelado,Noturno,1242.60,1,2,,,683.24,668.08,,
SP,Sao Jose dos Campos,Universidade Paulista - UNIP,SÃO JOSÉ DOS CAMPOS - Jardim Limoeiro,Engenharia Aeronáutica,Bacharelado,Matutino,1080.24,1,2,,,717.52,695.30,,
SP,Sao Jose dos Campos,Universidade do Vale do Paraíba - UNIVAP,SÃO JOSÉ DOS CAMPOS (SEDE) - Urbanova,Engenharia Aeronáutica e Espaço,Bacharelado,Matutino,1498.00,,,,2,,,641.60,
SP,Sao Jose dos Campos,Universidade do Vale do Paraíba - UNIVAP,SÃO JOSÉ DOS CAMPOS (SEDE) - Urbanova,Engenharia Aeronáutica e Espaço,Bacharelado,Noturno,1498.00,1,3,,4,711.58,669.00,641.18,
SP,Sao Jose dos Campos,Universidade Cidade de São Paulo - UNICID,EDUCARE APOIO TÉCNICO E PEDAGÓGICO LTDA ME (EDUCARE) - Vila Dayana,Engenharia Ambiental,Bacharelado,Curso a Distância,439.79,0,1,1,1,550.10,,545.56,553.26
SP,Sao Jose dos Campos,Universidade do Vale do Paraíba - UNIVAP,SÃO JOSÉ DOS CAMPOS (SEDE) - Urbanova,Engenharia Ambiental e Sanitária,Bacharelado,Matutino,1498.00,,,,3,,,519.06,
SP,Sao Jose dos Campos,Universidade do Vale do Paraíba - UNIVAP,SÃO JOSÉ DOS CAMPOS (SEDE) - Urbanova,Engenharia Ambiental e Sanitária,Bacharelado,Noturno,1498.00,1,3,,2,620.98,554.48,623.20,
SP,Sao Jose dos Campos,Faculdade de Tecnologia de São José dos Campos - ETEP,ETEP ESPLANADA - Jardim Esplanada,Engenharia Automotiva,Bacharelado,Noturno,1159.00,1,2,,,627.32,596.28,,
SP,Sao Jose dos Campos,Universidade do Vale do Paraíba - UNIVAP,SÃO JOSÉ DOS CAMPOS (SEDE) - Urbanova,Engenharia Biomédica,Bacharelado,Matutino,1498.00,,,,4,,,607.28,
SP,Sao Jose dos Campos,Universidade do Vale do Paraíba - UNIVAP,SÃO JOSÉ DOS CAMPOS (SEDE) - Urbanova,Engenharia Biomédica,Bacharelado,Noturno,1498.00,1,3,,2,654.96,628.64,651.08,
SP,Sao Jose dos Campos,Faculdade Anhangüera de São José,UNIDADE SEDE - Bairro Comprido,Engenharia Civil,Bacharelado,Noturno,1178.00,7,13,,,593.18,561.64,,
SP,Sao Jose dos Campos,Universidade Anhanguera - UNIDERP,SAO JOSE DOS CAMPOS/SP (24105) - Colônia Paraíso,Engenharia Civil,Bacharelado,Curso a Distância,539.00,1,2,,,601.86,575.06,,
SP,Sao Jose dos Campos,Universidade do Vale do Paraíba - UNIVAP,SÃO JOSÉ DOS CAMPOS (SEDE) - Urbanova,Engenharia Civil,Bacharelado,Matutino,1498.00,1,1,,,651.32,615.62,,
SP,Sao Jose dos Campos,Universidade do Vale do Paraíba - UNIVAP,SÃO JOSÉ DOS CAMPOS (SEDE) - Urbanova,Engenharia Civil,Bacharelado,Noturno,1498.00,,,,4,,,629.70,
SP,Sao Jose dos Campos,Universidade Paulista - UNIP,SÃO JOSÉ DOS CAMPOS - Jardim Limoeiro,Engenharia Civil,Bacharelado,Noturno,1242.60,2,3,,,636.68,619.38,,
SP,Sao Jose dos Campos,Faculdade de Tecnologia Ibta - São José dos Campos - IBTA,CENTRO - Centro,Engenharia da Computação,Bacharelado,Noturno,629.00,1,3,,,613.86,583.50,,
SP,Sao Jose dos Campos,Universidade do Vale do Paraíba - UNIVAP,SÃO JOSÉ DOS CAMPOS (SEDE) - Urbanova,Engenharia da Computação,Bacharelado,Matutino,1498.00,0,1,,2,698.96,,601.96,
SP,Sao Jose dos Campos,Universidade do Vale do Paraíba - UNIVAP,SÃO JOSÉ DOS CAMPOS (SEDE) - Urbanova,Engenharia da Computação,Bacharelado,Noturno,1498.00,0,1,,2,661.80,,586.10,
SP,Sao Jose dos Campos,Faculdade de Tecnologia de São José dos Campos - ETEP,ETEP ESPLANADA - Jardim Esplanada,Engenharia de Computação,Bacharelado,Noturno,1159.00,1,1,,,642.26,610.46,,
SP,Sao Jose dos Campos,Universidade Paulista - UNIP,SÃO JOSÉ DOS CAMPOS - Jardim Limoeiro,Engenharia de Computação,Bacharelado,Noturno,1242.60,3,5,,,619.88,606.54,,
SP,Sao Jose dos Campos,Universidade Paulista - UNIP,SÃO JOSÉ DOS CAMPOS - Jardim Limoeiro,Engenharia de Computação,Bacharelado,Matutino,1080.24,1,2,,,633.24,623.54,,
SP,Sao Jose dos Campos,Universidade Paulista - UNIP,SÃO JOSÉ DOS CAMPOS - Jardim Limoeiro,Engenharia de Controle e Automação,Bacharelado,Matutino,1080.24,0,1,,,653.90,,,
SP,Sao Jose dos Campos,Universidade Paulista - UNIP,SÃO JOSÉ DOS CAMPOS - Jardim Limoeiro,Engenharia de Petróleo,Bacharelado,Noturno,1242.60,1,2,,,602.80,571.38,,
SP,Sao Jose dos Campos,Universidade Paulista - UNIP,SÃO JOSÉ DOS CAMPOS - Jardim Limoeiro,Engenharia de Petróleo,Bacharelado,Matutino,1080.24,1,2,,,606.42,599.22,,
SP,Sao Jose dos Campos,Centro Universitário Internacional - Uninter - UNINTER,PAP SÃO JOSÉ DOS CAMPOS (ITS) - Vila Adyana,Engenharia de Produção,Bacharelado,Curso a Distância,505.00,,,,1,,,569.22,
SP,Sao Jose dos Campos,Faculdade de Tecnologia de São José dos Campos - ETEP,ETEP ESPLANADA - Jardim Esplanada,Engenharia de Produção,Bacharelado,Matutino,899.00,1,1,,,672.32,589.10,,
SP,Sao Jose dos Campos,Universidade Cidade de São Paulo - UNICID,EDUCARE APOIO TÉCNICO E PEDAGÓGICO LTDA ME (EDUCARE) - Vila Dayana,Engenharia de Produção,Bacharelado,Curso a Distância,439.79,1,1,1,3,589.14,593.84,556.16,450.00
SP,Sao Jose dos Campos,Universidade do Vale do Paraíba - UNIVAP,SÃO JOSÉ DOS CAMPOS (SEDE) - Urbanova,Engenharia de Produção,Bacharelado,Matutino,1498.00,1,1,,2,640.54,606.00,585.06,
SP,Sao Jose dos Campos,Universidade do Vale do Paraíba - UNIVAP,SÃO JOSÉ DOS CAMPOS (SEDE) - Urbanova,Engenharia de Produção,Bacharelado,Noturno,1498.00,1,3,,,638.86,631.38,,
SP,Sao Jose dos Campos,Universidade Paulista - UNIP,SÃO JOSÉ DOS CAMPOS - Jardim Limoeiro,Engenharia de Produção Mecânica,Bacharelado,Noturno,1242.60,3,5,,,614.94,589.62,,
SP,Sao Jose dos Campos,Universidade Paulista - UNIP,SÃO JOSÉ DOS CAMPOS - Jardim Limoeiro,Engenharia de Produção Mecânica,Bacharelado,Matutino,1080.24,1,2,,,607.50,503.16,,
SP,Sao Jose dos Campos,Centro Universitário Internacional - Uninter - UNINTER,PAP SÃO JOSÉ DOS CAMPOS (ITS) - Vila Adyana,Engenharia Elétrica,Bacharelado,Curso a Distância,659.00,,,,1,,,614.88,
SP,Sao Jose dos Campos,Universidade do Vale do Paraíba - UNIVAP,SÃO JOSÉ DOS CAMPOS (SEDE) - Urbanova,Engenharia Elétrica,Bacharelado,Matutino,1498.00,0,1,,,630.36,,,
SP,Sao Jose dos Campos,Universidade Paulista - UNIP,SÃO JOSÉ DOS CAMPOS - Jardim Limoeiro,Engenharia Elétrica,Bacharelado,Noturno,1242.60,1,1,,,646.10,639.78,,
SP,Sao Jose dos Campos,Faculdade Anhangüera de São José,UNIDADE SEDE - Bairro Comprido,Engenharia Mecânica,Bacharelado,Noturno,1038.00,2,4,,,602.16,583.30,,
SP,Sao Jose dos Campos,Faculdade Anhangüera de São José,UNIDADE SEDE - Bairro Comprido,Engenharia Mecânica,Bacharelado,Matutino,948.00,1,2,,,592.80,592.30,,
SP,Sao Jose dos Campos,Universidade Paulista - UNIP,SÃO JOSÉ DOS CAMPOS - Jardim Limoeiro,Engenharia Mecânica,Bacharelado,Noturno,1242.60,3,5,,,623.10,622.36,,
SP,Sao Jose dos Campos,Universidade Paulista - UNIP,SÃO JOSÉ DOS CAMPOS - Jardim Limoeiro,Engenharia Mecânica,Bacharelado,Matutino,1080.24,1,2,,,630.90,603.34,,
SP,Sao Jose dos Campos,Universidade do Vale do Paraíba - UNIVAP,SÃO JOSÉ DOS CAMPOS (SEDE) - Urbanova,Engenharia Química,Bacharelado,Matutino,1498.00,0,1,,,681.36,,,
SP,Sao Jose dos Campos,Universidade do Vale do Paraíba - UNIVAP,SÃO JOSÉ DOS CAMPOS (SEDE) - Urbanova,Engenharia Química,Bacharelado,Noturno,1498.00,2,5,,,649.36,621.92,,
SP,Sao Jose dos Campos,Universidade do Vale do Paraíba - UNIVAP,SÃO JOSÉ DOS CAMPOS (SEDE) - Urbanova,Estética,Bacharelado,Matutino,723.00,0,1,,2,645.44,,587.02,
SP,Sao Jose dos Campos,Faculdade Anhangüera de São José,UNIDADE SEDE - Bairro Comprido,Farmácia,Bacharelado,Noturno,908.00,2,5,,,589.56,542.58,,
SP,Sao Jose dos Campos,Universidade Paulista - UNIP,SÃO JOSÉ DOS CAMPOS - Jardim Limoeiro,Farmácia,Bacharelado,Noturno,1242.60,0,1,,,610.08,,,
SP,Sao Jose dos Campos,Universidade Paulista - UNIP,SÃO JOSÉ DOS CAMPOS - Jardim Limoeiro,Farmácia,Bacharelado,Matutino,1080.24,1,2,,,627.28,587.76,,
SP,Sao Jose dos Campos,Centro Universitário Claretiano - Ceuclar - CEUCLAR,POLO CLARETIANO DE SÃO JOSÉ DOS CAMPOS - Jardim Esplanada,Filosofia,Licenciatura,Curso a Distância,299.00,1,1,,,529.64,581.12,,
SP,Sao Jose dos Campos,Centro Universitário Claretiano - Ceuclar - CEUCLAR,POLO CLARETIANO DE SÃO JOSÉ DOS CAMPOS - Jardim Esplanada,Filosofia,Bacharelado,Curso a Distância,299.00,0,1,,,616.12,,,
SP,Sao Jose dos Campos,Centro Universitário Internacional - Uninter - UNINTER,PAP SÃO JOSÉ DOS CAMPOS (ITS) - Vila Adyana,Filosofia,Licenciatura,Curso a Distância,237.00,0,1,,,581.54,,,
SP,Sao Jose dos Campos,Universidade Cidade de São Paulo - UNICID,EDUCARE APOIO TÉCNICO E PEDAGÓGICO LTDA ME (EDUCARE) - Vila Dayana,Filosofia,Licenciatura,Curso a Distância,257.19,,,,1,,,510.18,
SP,Sao Jose dos Campos,Universidade Cidade de São Paulo - UNICID,EDUCARE APOIO TÉCNICO E PEDAGÓGICO LTDA ME (EDUCARE) - Vila Dayana,Física,Licenciatura,Curso a Distância,235.73,,,,1,,,602.36,
SP,Sao Jose dos Campos,Faculdade Anhangüera de São José,UNIDADE SEDE - Bairro Comprido,Fisioterapia,Bacharelado,Noturno,1128.00,1,3,,,593.54,552.76,,
SP,Sao Jose dos Campos,Faculdade Anhangüera de São José,UNIDADE SEDE - Bairro Comprido,Fisioterapia,Bacharelado,Matutino,918.00,3,7,,,585.32,555.10,,
SP,Sao Jose dos Campos,Universidade do Vale do Paraíba - UNIVAP,SÃO JOSÉ DOS CAMPOS (SEDE) - Urbanova,Fisioterapia,Bacharelado,Matutino,1344.00,0,1,,3,657.22,,599.38,
SP,Sao Jose dos Campos,Universidade Paulista - UNIP,SÃO JOSÉ DOS CAMPOS - Jardim Limoeiro,Fisioterapia,Bacharelado,Noturno,1242.60,1,3,,,641.50,594.76,,
SP,Sao Jose dos Campos,Universidade Cidade de São Paulo - UNICID,EDUCARE APOIO TÉCNICO E PEDAGÓGICO LTDA ME (EDUCARE) - Vila Dayana,Gastronomia,Tecnológico,Curso a Distância,439.79,,,,1,,,615.88,
SP,Sao Jose dos Campos,Universidade do Vale do Paraíba - UNIVAP,SÃO JOSÉ DOS CAMPOS (SEDE) - Urbanova,Gastronomia,Tecnológico,Noturno,1561.00,1,2,,2,639.42,564.90,598.82,
SP,Sao Jose dos Campos,Centro Universitário Claretiano - Ceuclar - CEUCLAR,POLO CLARETIANO DE SÃO JOSÉ DOS CAMPOS - Jardim Esplanada,Geografia,Licenciatura,Curso a Distância,299.00,0,1,,,509.54,,,
SP,Sao Jose dos Campos,Centro Universitário Internacional - Uninter - UNINTER,PAP SÃO JOSÉ DOS CAMPOS (ITS) - Vila Adyana,Geografia,Licenciatura,Curso a Distância,237.00,,,,1,,,450.00,
SP,Sao Jose dos Campos,Universidade do Vale do Paraíba - UNIVAP,SÃO JOSÉ DOS CAMPOS (SEDE) - Urbanova,Geografia,Licenciatura,Noturno,990.00,0,1,,,609.54,,,
SP,Sao Jose dos Campos,Centro Universitário Internacional - Uninter - UNINTER,PAP SÃO JOSÉ DOS CAMPOS (ITS) - Vila Adyana,Gestão Ambiental,Tecnológico,Curso a Distância,278.00,,,,1,,,450.00,
SP,Sao Jose dos Campos,Universidade Cidade de São Paulo - UNICID,EDUCARE APOIO TÉCNICO E PEDAGÓGICO LTDA ME (EDUCARE) - Vila Dayana,Gestão Ambiental,Tecnológico,Curso a Distância,257.19,0,1,,,567.18,,,
SP,Sao Jose dos Campos,Universidade Paulista - UNIP,SÃO JOSÉ DOS CAMPOS - Jardim Limoeiro,Gestão Ambiental,Tecnológico,Curso a Distância,299.00,0,1,,,586.22,,,
SP,Sao Jose dos Campos,Centro Universitário Internacional - Uninter - UNINTER,SÃO JOSÉ DOS CAMPOS (ITS) - SP - Vila Betânia,Gestão Comercial,Tecnológico,Curso a Distância,265.00,0,1,1,1,577.72,,588.04,450.00
SP,Sao Jose dos Campos,Universidade Anhanguera - UNIDERP,SAO JOSE DOS CAMPOS/SP (24105) - Colônia Paraíso,Gestão Comercial,Tecnológico,Curso a Distância,219.00,1,2,,,540.40,450.00,,
SP,Sao Jose dos Campos,Universidade Paulista - UNIP,SÃO JOSÉ DOS CAMPOS II - Jardim Serimbura,Gestão Comercial,Tecnológico,Curso a Distância,149.00,0,1,,,563.86,,,
SP,Sao Jose dos Campos,Centro Universitário Internacional - Uninter - UNINTER,SÃO JOSÉ DOS CAMPOS (ITS) - SP - Vila Betânia,Gestão da Produção Industrial,Tecnológico,Curso a Distância,278.00,0,1,1,3,531.54,,549.02,542.12
SP,Sao Jose dos Campos,Faculdade de Tecnologia de São José dos Campos - ETEP,ETEP ESPLANADA - Jardim Esplanada,Gestão da Produção Industrial,Tecnológico,Noturno,519.00,1,1,,,550.40,552.42,,
SP,Sao Jose dos Campos,Faculdade de Tecnologia de São José dos Campos - ETEP,ETEP ESPLANADA - Jardim Esplanada,Gestão da Produção Industrial,Tecnológico,Matutino,399.00,1,3,,,503.40,450.00,,
SP,Sao Jose dos Campos,Universidade Paulista - UNIP,SÃO JOSÉ DOS CAMPOS - Jardim Limoeiro,Gestão da Qualidade,Tecnológico,Matutino,484.92,1,2,,,585.48,495.42,,
SP,Sao Jose dos Campos,Centro Universitário Internacional - Uninter - UNINTER,PAP SÃO JOSÉ DOS CAMPOS (ITS) - Vila Adyana,Gestão da Tecnologia da Informação,Tecnológico,Curso a Distância,274.00,,,,1,,,577.04,
SP,Sao Jose dos Campos,Universidade Paulista - UNIP,SÃO JOSÉ DOS CAMPOS II - Jardim Serimbura,Gestão da Tecnologia da Informação,Tecnológico,Curso a Distância,309.00,0,1,,,540.04,,,
SP,Sao Jose dos Campos,Centro Universitário Claretiano - Ceuclar - CEUCLAR,POLO CLARETIANO DE SÃO JOSÉ DOS CAMPOS - Jardim Esplanada,Gestão de Recursos Humanos,Tecnológico,Curso a Distância,299.00,0,1,,,610.60,,,
SP,Sao Jose dos Campos,Centro Universitário Internacional - Uninter - UNINTER,PAP SÃO JOSÉ DOS CAMPOS (ITS) - Vila Adyana,Gestão de Recursos Humanos,Tecnológico,Curso a Distância,278.00,,,,1,,,519.12,
SP,Sao Jose dos Campos,Faculdade Anhangüera de São José,UNIDADE SEDE - Bairro Comprido,Gestão de Recursos Humanos,Tecnológico,Noturno,558.00,2,3,,,549.48,565.82,,
SP,Sao Jose dos Campos,Faculdade de Tecnologia de São José dos Campos - ETEP,CENTRO DE GESTÃO E NEGÓCIOS - ETEP FACULDADES - Jardim Satélite,Gestão de Recursos Humanos,Tecnológico,Noturno,529.00,0,1,,,604.84,,,
SP,Sao Jose dos Campos,Faculdade de Tecnologia de São José dos Campos - ETEP,CENTRO DE GESTÃO E NEGÓCIOS - ETEP FACULDADES - Jardim Satélite,Gestão de Recursos Humanos,Tecnológico,Matutino,399.00,1,1,,,662.22,544.54,,
SP,Sao Jose dos Campos,Faculdade de Tecnologia Ibta - São José dos Campos - IBTA,CENTRO - Centro,Gestão de Recursos Humanos,Tecnológico,Noturno,549.00,1,1,,,576.56,519.02,,
SP,Sao Jose dos Campos,Universidade Anhanguera - UNIDERP,SAO JOSE DOS CAMPOS/SP (24105) - Colônia Paraíso,Gestão de Recursos Humanos,Tecnológico,Curso a Distância,219.00,2,3,,,528.06,504.14,,
SP,Sao Jose dos Campos,Universidade Cidade de São Paulo - UNICID,EDUCARE APOIO TÉCNICO E PEDAGÓGICO LTDA ME (EDUCARE) - Vila Dayana,Gestão de Recursos Humanos,Tecnológico,Curso a Distância,260.27,,,,1,,,600.90,
SP,Sao Jose dos Campos,Universidade Paulista - UNIP,SÃO JOSÉ DOS CAMPOS - Jardim Limoeiro,Gestão de Recursos Humanos,Tecnológico,Noturno,539.04,1,3,,,573.80,559.06,,
SP,Sao Jose dos Campos,Universidade Paulista - UNIP,SÃO JOSÉ DOS CAMPOS - Jardim Limoeiro,Gestão de Recursos Humanos,Tecnológico,Curso a Distância,299.00,0,1,,,588.36,,,
SP,Sao Jose dos Campos,Universidade Paulista - UNIP,SÃO JOSÉ DOS CAMPOS - Jardim Limoeiro,Gestão de Segurança Privada,Tecnológico,Matutino,484.92,1,2,,,511.16,517.36,,
SP,Sao Jose dos Campos,Centro Universitário Internacional - Uninter - UNINTER,PAP SÃO JOSÉ DOS CAMPOS (ITS) - Vila Adyana,Gestão de Serviços Jurídicos e Notariais,Tecnológico,Curso a Distância,248.00,0,1,,1,557.20,,560.08,
SP,Sao Jose dos Campos,Centro Universitário Internacional - Uninter - UNINTER,PAP SÃO JOSÉ DOS CAMPOS (ITS) - Vila Adyana,Gestão de Turismo,Tecnológico,Curso a Distância,249.00,0,1,,,547.20,,,
SP,Sao Jose dos Campos,Universidade Cidade de São Paulo - UNICID,EDUCARE APOIO TÉCNICO E PEDAGÓGICO LTDA ME (EDUCARE) - Vila Dayana,Gestão do Agronegócio,Tecnológico,Curso a Distância,257.19,,,,1,,,531.78,
SP,Sao Jose dos Campos,Centro Universitário Internacional - Uninter - UNINTER,SÃO JOSÉ DOS CAMPOS (ITS) - SP - Vila Betânia,Gestão Financeira,Tecnológico,Curso a Distância,278.00,0,1,1,1,559.50,,564.08,450.00
SP,Sao Jose dos Campos,Faculdade de Tecnologia de São José dos Campos - ETEP,CENTRO DE GESTÃO E NEGÓCIOS - ETEP FACULDADES - Jardim Satélite,Gestão Financeira,Tecnológico,Noturno,529.00,1,1,,,564.64,564.38,,
SP,Sao Jose dos Campos,Faculdade de Tecnologia de São José dos Campos - ETEP,CENTRO DE GESTÃO E NEGÓCIOS - ETEP FACULDADES - Jardim Satélite,Gestão Financeira,Tecnológico,Matutino,399.00,1,1,,,567.48,518.68,,
SP,Sao Jose dos Campos,Faculdade de Tecnologia Ibta - São José dos Campos - IBTA,CENTRO - Centro,Gestão Financeira,Tecnológico,Matutino,399.00,0,1,,,544.16,,,
SP,Sao Jose dos Campos,Universidade Cidade de São Paulo - UNICID,EDUCARE APOIO TÉCNICO E PEDAGÓGICO LTDA ME (EDUCARE) - Vila Dayana,Gestão Financeira,Tecnológico,Curso a Distância,260.27,0,1,,,546.36,,,
SP,Sao Jose dos Campos,Universidade Paulista - UNIP,SÃO JOSÉ DOS CAMPOS - Jardim Limoeiro,Gestão Financeira,Tecnológico,Noturno,539.04,1,2,,,564.70,581.72,,
SP,Sao Jose dos Campos,Universidade Paulista - UNIP,SÃO JOSÉ DOS CAMPOS - Jardim Limoeiro,Gestão Financeira,Tecnológico,Curso a Distância,279.00,0,1,,,544.04,,,
SP,Sao Jose dos Campos,Centro Universitário Internacional - Uninter - UNINTER,PAP SÃO JOSÉ DOS CAMPOS (ITS) - Vila Adyana,Gestão Hospitalar,Tecnológico,Curso a Distância,272.00,,,,1,,,542.18,
SP,Sao Jose dos Campos,Universidade Cidade de São Paulo - UNICID,EDUCARE APOIO TÉCNICO E PEDAGÓGICO LTDA ME (EDUCARE) - Vila Dayana,Gestão Hospitalar,Tecnológico,Curso a Distância,257.19,,,,1,,,584.14,
SP,Sao Jose dos Campos,Universidade Paulista - UNIP,SÃO JOSÉ DOS CAMPOS - Jardim Limoeiro,Gestão Hospitalar,Tecnológico,Curso a Distância,299.00,0,1,,,531.74,,,
SP,Sao Jose dos Campos,Centro Universitário Internacional - Uninter - UNINTER,SÃO JOSÉ DOS CAMPOS (ITS) - SP - Vila Betânia,Gestão Pública,Tecnológico,Curso a Distância,279.00,0,1,1,1,559.54,,592.58,487.34
SP,Sao Jose dos Campos,Universidade Anhanguera - UNIDERP,SAO JOSE DOS CAMPOS/SP (24105) - Colônia Paraíso,Gestão Pública,Tecnológico,Curso a Distância,219.00,1,1,,,472.22,450.00,,
SP,Sao Jose dos Campos,Universidade Paulista - UNIP,SÃO JOSÉ DOS CAMPOS II - Jardim Serimbura,Gestão Pública,Tecnológico,Curso a Distância,299.00,0,1,,,662.02,,,
SP,Sao Jose dos Campos,Universidade Paulista - UNIP,SÃO JOSÉ DOS CAMPOS - Jardim Limoeiro,Gestão Pública,Tecnológico,Curso a Distância,299.00,0,1,,,559.90,,,
SP,Sao Jose dos Campos,Centro Universitário Estácio de Ribeirão Preto - Estácio Ribeirão Pre - ESTÁCIO RIBEIRÃO PRE,EAD SÃO JOSÉ DOS CAMPOS - SP - Centro,História,Licenciatura,Curso a Distância,327.14,0,1,,,579.02,,,
SP,Sao Jose dos Campos,Centro Universitário Internacional - Uninter - UNINTER,PAP SÃO JOSÉ DOS CAMPOS (ITS) - Vila Adyana,História,Licenciatura,Curso a Distância,237.00,,,,1,,,536.52,
SP,Sao Jose dos Campos,Universidade Cidade de São Paulo - UNICID,EDUCARE APOIO TÉCNICO E PEDAGÓGICO LTDA ME (EDUCARE) - Vila Dayana,História,Licenciatura,Curso a Distância,257.19,,,,1,,,530.24,
SP,Sao Jose dos Campos,Universidade do Vale do Paraíba - UNIVAP,SÃO JOSÉ DOS CAMPOS (SEDE) - Urbanova,História,Licenciatura,Noturno,742.50,2,4,,,619.08,584.86,,
SP,Sao Jose dos Campos,Universidade do Vale do Paraíba - UNIVAP,SÃO JOSÉ DOS CAMPOS (SEDE) - Urbanova,Jornalismo,Bacharelado,Noturno,1381.00,1,1,,2,686.18,628.96,637.00,
SP,Sao Jose dos Campos,Centro Universitário Internacional - Uninter - UNINTER,PAP SÃO JOSÉ DOS CAMPOS (ITS) - Vila Adyana,Letras,Licenciatura,Curso a Distância,299.00,,,,1,,,586.78,
SP,Sao Jose dos Campos,Centro Universitário Estácio de Ribeirão Preto - Estácio Ribeirão Pre - ESTÁCIO RIBEIRÃO PRE,EAD SÃO JOSÉ DOS CAMPOS - SP - Centro,Letras - Inglês,Licenciatura,Curso a Distância,327.14,0,1,,,618.92,,,
SP,Sao Jose dos Campos,Centro Universitário Estácio de Ribeirão Preto - Estácio Ribeirão Pre - ESTÁCIO RIBEIRÃO PRE,EAD SÃO JOSÉ DOS CAMPOS - SP - Centro,Letras - Português,Licenciatura,Curso a Distância,327.14,0,1,,,542.56,,,
SP,Sao Jose dos Campos,Faculdade Educacional da Lapa - FAEL,SP - SÃO JOSÉ DOS CAMPOS - POLO EAD - Vila Igualdade,Letras - Português e Espanhol,Licenciatura,Curso a Distância,325.00,0,1,,,583.40,,,
SP,Sao Jose dos Campos,Centro Universitário Claretiano - Ceuclar - CEUCLAR,POLO CLARETIANO DE SÃO JOSÉ DOS CAMPOS - Jardim Esplanada,Letras - Português e Inglês,Licenciatura,Curso a Distância,299.00,0,1,,,598.54,,,
SP,Sao Jose dos Campos,Universidade Cidade de São Paulo - UNICID,EDUCARE APOIO TÉCNICO E PEDAGÓGICO LTDA ME (EDUCARE) - Vila Dayana,Letras - Português e Inglês,Licenciatura,Curso a Distância,270.28,0,1,1,2,598.88,,555.28,586.16
SP,Sao Jose dos Campos,Universidade Paulista - UNIP,SÃO JOSÉ DOS CAMPOS - Jardim Limoeiro,Letras - Português e Inglês,Licenciatura,Curso a Distância,299.00,0,1,,,599.54,,,
SP,Sao Jose dos Campos,Centro Universitário Claretiano - Ceuclar - CEUCLAR,POLO CLARETIANO DE SÃO JOSÉ DOS CAMPOS - Jardim Esplanada,Logística,Tecnológico,Curso a Distância,299.00,0,1,,,516.42,,,
SP,Sao Jose dos Campos,Centro Universitário Estácio de Ribeirão Preto - Estácio Ribeirão Pre - ESTÁCIO RIBEIRÃO PRE,EAD SÃO JOSÉ DOS CAMPOS - SP - Centro,Logística,Tecnológico,Curso a Distância,388.57,0,1,,,489.16,,,
SP,Sao Jose dos Campos,Centro Universitário Internacional - Uninter - UNINTER,SÃO JOSÉ DOS CAMPOS (ITS) - SP - Vila Betânia,Logística,Tecnológico,Curso a Distância,278.00,,,1,1,,,580.00,509.18
SP,Sao Jose dos Campos,Faculdade Anhangüera de São José,UNIDADE SEDE - Bairro Comprido,Logística,Tecnológico,Noturno,588.00,0,1,,,549.36,,,
SP,Sao Jose dos Campos,Faculdade de Tecnologia de São José dos Campos - ETEP,CENTRO DE GESTÃO E NEGÓCIOS - ETEP FACULDADES - Jardim Satélite,Logística,Tecnológico,Noturno,529.00,1,3,,,556.68,553.76,,
SP,Sao Jose dos Campos,Faculdade de Tecnologia de São José dos Campos - ETEP,CENTRO DE GESTÃO E NEGÓCIOS - ETEP FACULDADES - Jardim Satélite,Logística,Tecnológico,Matutino,399.00,0,1,,,579.10,,,
SP,Sao Jose dos Campos,Faculdade de Tecnologia Ibta - São José dos Campos - IBTA,CENTRO - Centro,Logística,Tecnológico,Noturno,549.00,2,3,,,518.12,544.62,,
SP,Sao Jose dos Campos,Universidade Anhanguera - UNIDERP,SAO JOSE DOS CAMPOS/SP (24105) - Colônia Paraíso,Logística,Tecnológico,Curso a Distância,239.00,1,2,,,518.22,545.74,,
SP,Sao Jose dos Campos,Universidade Paulista - UNIP,SÃO JOSÉ DOS CAMPOS - Jardim Limoeiro,Logística,Tecnológico,Noturno,539.04,2,4,,,583.36,537.40,,
SP,Sao Jose dos Campos,Universidade Paulista - UNIP,SÃO JOSÉ DOS CAMPOS - Jardim Limoeiro,Logística,Tecnológico,Matutino,484.92,1,2,,,560.70,578.50,,
SP,Sao Jose dos Campos,Universidade Paulista - UNIP,SÃO JOSÉ DOS CAMPOS - Jardim Limoeiro,Logística,Tecnológico,Curso a Distância,299.00,0,1,,,534.32,,,
SP,Sao Jose dos Campos,Centro Universitário Internacional - Uninter - UNINTER,SÃO JOSÉ DOS CAMPOS (ITS) - SP - Vila Betânia,Marketing,Tecnológico,Curso a Distância,270.00,0,1,,,550.88,,,
SP,Sao Jose dos Campos,Universidade Cidade de São Paulo - UNICID,EDUCARE APOIO TÉCNICO E PEDAGÓGICO LTDA ME (EDUCARE) - Vila Dayana,Marketing,Tecnológico,Curso a Distância,257.19,,,,1,,,560.02,
SP,Sao Jose dos Campos,Universidade Paulista - UNIP,SÃO JOSÉ DOS CAMPOS - Jardim Limoeiro,Marketing,Tecnológico,Noturno,539.04,1,2,,,569.06,563.00,,
SP,Sao Jose dos Campos,Universidade Paulista - UNIP,SÃO JOSÉ DOS CAMPOS - Jardim Limoeiro,Marketing,Tecnológico,Curso a Distância,299.00,0,1,,,587.86,,,
SP,Sao Jose dos Campos,Universidade Pitágoras Unopar,SÃO JOSÉ DOS CAMPOS I - Jardim Satélite,Marketing,Tecnológico,Curso a Distância,209.00,1,1,,,634.60,516.58,,
SP,Sao Jose dos Campos,Centro Universitário Estácio de Ribeirão Preto - Estácio Ribeirão Pre - ESTÁCIO RIBEIRÃO PRE,EAD SÃO JOSÉ DOS CAMPOS - SP - Centro,Matemática,Licenciatura,Curso a Distância,327.14,0,1,,,576.96,,,
SP,Sao Jose dos Campos,Centro Universitário Internacional - Uninter - UNINTER,PAP SÃO JOSÉ DOS CAMPOS (ITS) - Vila Adyana,Matemática,Licenciatura,Curso a Distância,239.00,0,1,,,545.40,,,
SP,Sao Jose dos Campos,Faculdade Educacional da Lapa - FAEL,SP - SÃO JOSÉ DOS CAMPOS - POLO EAD - Vila Igualdade,Matemática,Licenciatura,Curso a Distância,325.00,,,,1,,,590.94,
SP,Sao Jose dos Campos,Universidade Cidade de São Paulo - UNICID,EDUCARE APOIO TÉCNICO E PEDAGÓGICO LTDA ME (EDUCARE) - Vila Dayana,Matemática,Licenciatura,Curso a Distância,257.19,,,,1,,,621.80,
SP,Sao Jose dos Campos,Universidade Paulista - UNIP,SÃO JOSÉ DOS CAMPOS II - Jardim Serimbura,Matemática,Licenciatura,Curso a Distância,299.00,0,1,,,575.16,,,
SP,Sao Jose dos Campos,Universidade Paulista - UNIP,SÃO JOSÉ DOS CAMPOS - Jardim Limoeiro,Matemática,Licenciatura,Curso a Distância,299.00,0,1,,,659.02,,,
SP,Sao Jose dos Campos,Faculdade de Tecnologia de São José dos Campos - ETEP,ETEP ESPLANADA - Jardim Esplanada,Mecatrônica Industrial,Tecnológico,Noturno,519.00,0,1,,,604.84,,,
SP,Sao Jose dos Campos,Faculdade de Tecnologia de São José dos Campos - ETEP,ETEP ESPLANADA - Jardim Esplanada,Mecatrônica Industrial,Tecnológico,Matutino,399.00,0,1,,,652.52,,,
SP,Sao Jose dos Campos,Faculdade de Ciências Médicas de São José dos Campos,FACULDADE DE CIÊNCIAS MÉDICAS DE SÃO JOSÉ DOS CAMPOS - HUMANITAS - Putim,Medicina,Bacharelado,Integral,7990.00,2,4,,,745.30,733.42,,
SP,Sao Jose dos Campos,Universidade Paulista - UNIP,SÃO JOSÉ DOS CAMPOS - Jardim Limoeiro,Medicina Veterinária,Bacharelado,Matutino,2327.67,3,5,,,681.84,625.10,,
SP,Sao Jose dos Campos,Centro Universitário Claretiano - Ceuclar - CEUCLAR,POLO CLARETIANO DE SÃO JOSÉ DOS CAMPOS - Jardim Esplanada,Música,Licenciatura,Curso a Distância,299.00,1,2,,,620.94,578.04,,
SP,Sao Jose dos Campos,Universidade Anhembi Morumbi - UAM,POLO SÃO JOSÉ DOS CAMPOS - Jardim Explanada,Negócios Imobiliários,Tecnológico,Curso a Distância,159.00,0,1,,,499.70,,,
SP,Sao Jose dos Campos,Universidade do Vale do Paraíba - UNIVAP,SÃO JOSÉ DOS CAMPOS (SEDE) - Urbanova,Nutrição,Bacharelado,Matutino,1561.00,,,,4,,,605.10,
SP,Sao Jose dos Campos,Universidade Paulista - UNIP,SÃO JOSÉ DOS CAMPOS - Jardim Limoeiro,Nutrição,Bacharelado,Noturno,1245.99,0,1,,,649.66,,,
SP,Sao Jose dos Campos,Universidade Paulista - UNIP,SÃO JOSÉ DOS CAMPOS - Jardim Limoeiro,Nutrição,Bacharelado,Matutino,1046.35,0,1,,,634.20,,,
SP,Sao Jose dos Campos,Universidade do Vale do Paraíba - UNIVAP,SÃO JOSÉ DOS CAMPOS (SEDE) - Urbanova,Odontologia,Bacharelado,Matutino,2309.00,3,7,,,655.94,636.46,,
SP,Sao Jose dos Campos,Centro Universitário Claretiano - Ceuclar - CEUCLAR,POLO CLARETIANO DE SÃO JOSÉ DOS CAMPOS - Jardim Esplanada,Pedagogia,Licenciatura,Curso a Distância,299.00,1,2,,,559.24,450.00,,
SP,Sao Jose dos Campos,Centro Universitário Internacional - Uninter - UNINTER,PAP SÃO JOSÉ DOS CAMPOS (ITS) - Vila Adyana,Pedagogia,Licenciatura,Curso a Distância,270.00,0,1,,1,537.48,,520.50,
SP,Sao Jose dos Campos,Faculdade Anhangüera de São José,UNIDADE SEDE - Bairro Comprido,Pedagogia,Licenciatura,Noturno,688.00,3,7,,,572.26,560.18,,
SP,Sao Jose dos Campos,Universidade Anhanguera - UNIDERP,SAO JOSE DOS CAMPOS/SP (24105) - Colônia Paraíso,Pedagogia,Licenciatura,Curso a Distância,249.00,4,7,,,539.46,486.52,,
SP,Sao Jose dos Campos,Universidade Cidade de São Paulo - UNICID,EDUCARE APOIO TÉCNICO E PEDAGÓGICO LTDA ME (EDUCARE) - Vila Dayana,Pedagogia,Licenciatura,Curso a Distância,270.28,2,3,5,8,540.66,528.56,477.00,489.54
SP,Sao Jose dos Campos,Universidade Paulista - UNIP,SÃO JOSÉ DOS CAMPOS II - Jardim Serimbura,Pedagogia,Licenciatura,Curso a Distância,309.00,1,1,,,519.98,530.56,,
SP,Sao Jose dos Campos,Universidade Paulista - UNIP,SÃO JOSÉ DOS CAMPOS - Jardim Limoeiro,Pedagogia,Licenciatura,Noturno,784.10,2,4,,,596.88,550.50,,
SP,Sao Jose dos Campos,Universidade Paulista - UNIP,SÃO JOSÉ DOS CAMPOS - Jardim Limoeiro,Pedagogia,Licenciatura,Matutino,564.30,1,3,,,594.74,563.94,,
SP,Sao Jose dos Campos,Universidade Paulista - UNIP,SÃO JOSÉ DOS CAMPOS - Jardim Limoeiro,Pedagogia,Licenciatura,Curso a Distância,309.00,1,2,,,547.36,450.00,,
SP,Sao Jose dos Campos,Universidade Paulista - UNIP,SÃO JOSÉ DOS CAMPOS - Jardim Limoeiro,Petróleo e Gás,Tecnológico,Noturno,594.24,1,1,,,513.14,566.00,,
SP,Sao Jose dos Campos,Centro Universitário Internacional - Uninter - UNINTER,SÃO JOSÉ DOS CAMPOS (ITS) - SP - Vila Betânia,Processos Gerenciais,Tecnológico,Curso a Distância,270.00,1,1,1,1,546.28,450.00,450.00,450.00
SP,Sao Jose dos Campos,Faculdade Educacional da Lapa - FAEL,SP - SÃO JOSÉ DOS CAMPOS - POLO EAD - Vila Igualdade,Processos Gerenciais,Tecnológico,Curso a Distância,325.00,,,,1,,,450.00,
SP,Sao Jose dos Campos,Universidade Cidade de São Paulo - UNICID,EDUCARE APOIO TÉCNICO E PEDAGÓGICO LTDA ME (EDUCARE) - Vila Dayana,Processos Gerenciais,Tecnológico,Curso a Distância,257.19,0,1,,1,538.18,,450.00,
SP,Sao Jose dos Campos,Universidade Paulista - UNIP,SÃO JOSÉ DOS CAMPOS - Jardim Limoeiro,Processos Gerenciais,Tecnológico,Curso a Distância,299.00,0,1,,,552.32,,,
SP,Sao Jose dos Campos,Universidade Pitágoras Unopar,SÃO JOSÉ DOS CAMPOS I - Jardim Satélite,Processos Gerenciais,Tecnológico,Curso a Distância,209.00,1,2,,,457.90,527.16,,
SP,Sao Jose dos Campos,Universidade Paulista - UNIP,SÃO JOSÉ DOS CAMPOS - Jardim Limoeiro,Propaganda e Marketing,Bacharelado,Noturno,1054.60,3,7,,,600.36,582.34,,
SP,Sao Jose dos Campos,Faculdade Anhangüera de São José,UNIDADE SEDE - Bairro Comprido,Psicologia,Bacharelado,Noturno,1128.00,3,5,,,620.82,591.78,,
SP,Sao Jose dos Campos,Faculdade Anhangüera de São José,UNIDADE SEDE - Bairro Comprido,Psicologia,Bacharelado,Matutino,918.00,2,4,,,603.32,581.56,,
SP,Sao Jose dos Campos,Universidade do Vale do Paraíba - UNIVAP,SÃO JOSÉ DOS CAMPOS (SEDE) - Urbanova,Psicologia,Bacharelado,Matutino,1241.25,,,,2,,,612.64,
SP,Sao Jose dos Campos,Universidade do Vale do Paraíba - UNIVAP,SÃO JOSÉ DOS CAMPOS (SEDE) - Urbanova,Psicologia,Bacharelado,Noturno,1241.25,1,1,,2,719.06,620.66,630.28,
SP,Sao Jose dos Campos,Universidade Paulista - UNIP,SÃO JOSÉ DOS CAMPOS - Jardim Limoeiro,Psicologia,Bacharelado,Noturno,1242.60,1,1,,,693.66,621.52,,
SP,Sao Jose dos Campos,Universidade Cidade de São Paulo - UNICID,EDUCARE APOIO TÉCNICO E PEDAGÓGICO LTDA ME (EDUCARE) - Vila Dayana,Química,Licenciatura,Curso a Distância,235.73,,,,1,,,604.88,
SP,Sao Jose dos Campos,Universidade do Vale do Paraíba - UNIVAP,SÃO JOSÉ DOS CAMPOS (SEDE) - Urbanova,Química,Bacharelado,Noturno,990.00,0,1,,4,623.24,,608.08,
SP,Sao Jose dos Campos,Universidade Paulista - UNIP,SÃO JOSÉ DOS CAMPOS - Jardim Limoeiro,Química,Licenciatura,Curso a Distância,309.00,0,1,,,594.72,,,
SP,Sao Jose dos Campos,Universidade Paulista - UNIP,SÃO JOSÉ DOS CAMPOS - Jardim Limoeiro,Radiologia,Tecnológico,Noturno,594.24,1,3,,,586.58,591.94,,
SP,Sao Jose dos Campos,Faculdade de Tecnologia de São José dos Campos - ETEP,ETEP ESPLANADA - Jardim Esplanada,Redes de Computadores,Tecnológico,Noturno,519.00,1,3,,,564.36,501.18,,
SP,Sao Jose dos Campos,Centro Universitário Internacional - Uninter - UNINTER,PAP SÃO JOSÉ DOS CAMPOS (ITS) - Vila Adyana,Relações Internacionais,Bacharelado,Curso a Distância,278.00,0,1,,,604.32,,,
SP,Sao Jose dos Campos,Universidade Paulista - UNIP,SÃO JOSÉ DOS CAMPOS - Jardim Limoeiro,Relações Internacionais,Bacharelado,Noturno,977.79,1,2,,,646.70,615.42,,
SP,Sao Jose dos Campos,Universidade Paulista - UNIP,SÃO JOSÉ DOS CAMPOS - Jardim Limoeiro,Relações Internacionais,Bacharelado,Matutino,817.10,1,2,,,623.50,604.04,,
SP,Sao Jose dos Campos,Centro Universitário Internacional - Uninter - UNINTER,SÃO JOSÉ DOS CAMPOS (ITS) - SP - Vila Betânia,Secretariado,Tecnológico,Curso a Distância,253.00,,,,1,,,530.84,
SP,Sao Jose dos Campos,Universidade Cidade de São Paulo - UNICID,EDUCARE APOIO TÉCNICO E PEDAGÓGICO LTDA ME (EDUCARE) - Vila Dayana,Secretariado,Tecnológico,Curso a Distância,257.19,,,,1,,,450.00,
SP,Sao Jose dos Campos,Universidade Paulista - UNIP,SÃO JOSÉ DOS CAMPOS - Jardim Limoeiro,Secretariado Executivo,Bacharelado,Noturno,527.30,1,2,,,558.10,514.02,,
SP,Sao Jose dos Campos,Universidade Cidade de São Paulo - UNICID,EDUCARE APOIO TÉCNICO E PEDAGÓGICO LTDA ME (EDUCARE) - Vila Dayana,Segurança no Trabalho,Tecnológico,Curso a Distância,257.19,,,1,1,,,556.82,544.30
SP,Sao Jose dos Campos,Centro Universitário Estácio de Ribeirão Preto - Estácio Ribeirão Pre - ESTÁCIO RIBEIRÃO PRE,EAD SÃO JOSÉ DOS CAMPOS - SP - Centro,Serviço Social,Bacharelado,Curso a Distância,417.14,0,1,,,509.84,,,
SP,Sao Jose dos Campos,Universidade do Vale do Paraíba - UNIVAP,CAMPUS CENTRO - Centro,Serviço Social,Bacharelado,Noturno,450.00,0,1,,4,609.62,,561.84,
SP,Sao Jose dos Campos,Universidade Paulista - UNIP,SÃO JOSÉ DOS CAMPOS II - Jardim Serimbura,Serviço Social,Bacharelado,Curso a Distância,309.00,1,2,,,535.50,500.38,,
SP,Sao Jose dos Campos,Universidade Paulista - UNIP,SÃO JOSÉ DOS CAMPOS - Jardim Limoeiro,Serviço Social,Bacharelado,Matutino,527.30,2,4,,,590.32,579.32,,
SP,Sao Jose dos Campos,Universidade Paulista - UNIP,SÃO JOSÉ DOS CAMPOS - Jardim Limoeiro,Serviço Social,Bacharelado,Curso a Distância,309.00,1,1,,,577.26,597.06,,
SP,Sao Jose dos Campos,Centro Universitário Estácio de Ribeirão Preto - Estácio Ribeirão Pre - ESTÁCIO RIBEIRÃO PRE,EAD SÃO JOSÉ DOS CAMPOS - SP - Centro,Sistemas de Informação,Bacharelado,Curso a Distância,417.14,0,1,,,606.78,,,
SP,Sao Jose dos Campos,Faculdade de Tecnologia de São José dos Campos - ETEP,CENTRO DE GESTÃO E NEGÓCIOS - ETEP FACULDADES - Jardim Satélite,Sistemas para Internet,Tecnológico,Noturno,519.00,1,3,,,535.48,450.00,,
SP,Sao Jose dos Campos,Faculdade de Tecnologia Ibta - São José dos Campos - IBTA,CENTRO - Centro,Sistemas para Internet,Tecnológico,Noturno,569.00,1,3,,,528.00,450.00,,
SP,Sao Jose dos Campos,Universidade Paulista - UNIP,SÃO JOSÉ DOS CAMPOS II - Jardim Serimbura,Sociologia,Licenciatura,Curso a Distância,149.00,0,1,,,591.30,,,
SP,Sao Jose dos Campos,Centro Universitário Claretiano - Ceuclar - CEUCLAR,POLO CLARETIANO DE SÃO JOSÉ DOS CAMPOS - Jardim Esplanada,Teologia,Bacharelado,Curso a Distância,411.20,1,1,,,532.42,555.08,,
SP,Sao Jose dos Campos,Centro Universitário Internacional - Uninter - UNINTER,PAP SÃO JOSÉ DOS CAMPOS (ITS) - Vila Adyana,Teologia,Bacharelado,Curso a Distância,189.00,,,,1,,,461.12,
SP,Sao Jose dos Campos,Universidade Cidade de São Paulo - UNICID,EDUCARE APOIO TÉCNICO E PEDAGÓGICO LTDA ME (EDUCARE) - Vila Dayana,Teologia,Bacharelado,Curso a Distância,257.19,,,,1,,,450.00,
SP,Sao Jose dos Campos,Universidade Paulista - UNIP,SÃO JOSÉ DOS CAMPOS - Jardim Limoeiro,Turismo,Bacharelado,Noturno,527.30,1,2,,,579.26,541.12,,
